{
  "mean_ms": 0.14339645000291057,
  "p50_ms": 0.14190499496180564,
  "p95_ms": 0.15242050139931956,
  "max_ms": 0.16989000141620636,
  "warmup": 50,
  "reps": 200,
  "gate_ms": 2.0,
  "pass": true
}