{
  "version": "nn0-v1",
  "created_at": "2026-07-20T08:41:11.347653+00:00",
  "window_steps": 40,
  "feature_dim": 26,
  "feature_names": [
    "n_contacts",
    "sep",
    "sep_delta",
    "v_div_x",
    "v_div_y",
    "v_div_z",
    "sep_rate",
    "contact_force_norm",
    "S_raw",
    "S_smooth",
    "S_avg",
    "S_ratio",
    "S_peak_ratio",
    "S_n",
    "S_t",
    "S_integral_0.5s",
    "mg_ratio",
    "slip_rule_s2",
    "object_dz_extend",
    "object_dz_traj_end",
    "object_dz_start",
    "wrist_tz",
    "wrist_tz_rate",
    "grip_extra",
    "phase_extend",
    "friction_scale"
  ],
  "label_keys": [
    "y_scheme1",
    "y_scheme2",
    "y_gt",
    "y_fused",
    "y_event",
    "y_grip"
  ],
  "counts": {
    "train": 11064,
    "val": 3688,
    "test": 1844
  },
  "norm": {
    "mean": [
      10.1762113571167,
      0.05529043450951576,
      0.004982145968824625,
      -0.008792619220912457,
      -0.005694895517081022,
      -0.004714223090559244,
      -0.004513546824455261,
      1345.1038818359375,
      302.8343505859375,
      292.4025573730469,
      179.08529663085938,
      5.2737250328063965,
      0.8705407977104187,
      282.5902099609375,
      53.1550178527832,
      124.56861114501953,
      24.380638122558594,
      0.4851771593093872,
      0.02607068605720997,
      0.02607068605720997,
      0.034468140453100204,
      0.1731635481119156,
      -0.01517911721020937,
      0.08848156034946442,
      0.39154013991355896,
      0.8541666865348816
    ],
    "std": [
      9.549736976623535,
      0.04527076333761215,
      0.00606718473136425,
      0.09977579861879349,
      0.1993236392736435,
      0.104279063642025,
      0.0828477293252945,
      1339.5587158203125,
      323.3667297363281,
      312.34173583984375,
      228.88050842285156,
      13.60301685333252,
      0.2410164475440979,
      318.27154541015625,
      93.18177032470703,
      140.03445434570312,
      41.289737701416016,
      0.49972984194755554,
      0.044804297387599945,
      0.044804297387599945,
      0.08636357635259628,
      0.06810863316059113,
      0.20442359149456024,
      0.11784406751394272,
      0.4882068634033203,
      0.32610005140304565
    ]
  },
  "per_case_windows": {
    "baseline": 461,
    "baseline_v1": 411,
    "baseline_v2": 511,
    "baseline_v3": 461,
    "mass_x2": 461,
    "mass_x2_v1": 411,
    "mass_x2_v2": 511,
    "mass_x2_v3": 461,
    "mass_x4": 461,
    "mass_x4_v1": 411,
    "mass_x4_v2": 511,
    "mass_x4_v3": 461,
    "mass_x8": 461,
    "mass_x8_v1": 411,
    "mass_x8_v2": 511,
    "mass_x8_v3": 461,
    "mass_x16": 461,
    "mass_x16_v1": 411,
    "mass_x16_v2": 511,
    "mass_x16_v3": 461,
    "mass_x32": 461,
    "mass_x32_v1": 411,
    "mass_x32_v2": 511,
    "mass_x32_v3": 461,
    "friction_div2": 461,
    "friction_div2_v1": 411,
    "friction_div2_v2": 511,
    "friction_div2_v3": 461,
    "friction_div4": 461,
    "friction_div4_v1": 411,
    "friction_div4_v2": 511,
    "friction_div4_v3": 461,
    "friction_div8": 461,
    "friction_div8_v1": 411,
    "friction_div8_v2": 511,
    "friction_div8_v3": 461
  },
  "val_cases": [
    "friction_div4",
    "mass_x16"
  ],
  "test_cases": [
    "friction_div2"
  ],
  "extend_variants": [
    [
      2.0,
      0.1
    ],
    [
      1.5,
      0.08
    ],
    [
      2.5,
      0.12
    ],
    [
      2.0,
      0.14
    ]
  ],
  "antislip_export": true,
  "antislip_scheme": 2
}