{
  "version": "nn0-v1",
  "created_at": "2026-07-15T07:00:19.888055+00:00",
  "window_steps": 40,
  "feature_dim": 26,
  "feature_names": [
    "n_contacts",
    "sep",
    "sep_delta",
    "v_div_x",
    "v_div_y",
    "v_div_z",
    "sep_rate",
    "contact_force_norm",
    "S_raw",
    "S_smooth",
    "S_avg",
    "S_ratio",
    "S_peak_ratio",
    "S_n",
    "S_t",
    "S_integral_0.5s",
    "mg_ratio",
    "slip_rule_s2",
    "object_dz_extend",
    "object_dz_traj_end",
    "object_dz_start",
    "wrist_tz",
    "wrist_tz_rate",
    "grip_extra",
    "phase_extend",
    "friction_scale"
  ],
  "label_keys": [
    "y_scheme1",
    "y_scheme2",
    "y_gt",
    "y_fused",
    "y_grip"
  ],
  "counts": {
    "train": 11064,
    "val": 3688,
    "test": 1844
  },
  "norm": {
    "mean": [
      8.154948234558105,
      0.0577264279127121,
      0.0033814122434705496,
      -0.004975773394107819,
      -0.006968890316784382,
      -0.0026710021775215864,
      -0.0025981159415096045,
      981.2242431640625,
      268.717529296875,
      260.455810546875,
      166.8719940185547,
      5.22928524017334,
      0.8703660368919373,
      265.7602233886719,
      24.393253326416016,
      110.47257995605469,
      22.47010040283203,
      0.4851771593093872,
      0.030300648882985115,
      0.030300648882985115,
      0.038696225732564926,
      0.1731635481119156,
      -0.01517911721020937,
      0.0,
      0.39154013991355896,
      0.8541666865348816
    ],
    "std": [
      7.390758991241455,
      0.04721199348568916,
      0.005394750740379095,
      0.09368250519037247,
      0.19811613857746124,
      0.09760286659002304,
      0.0709962397813797,
      914.1453857421875,
      272.7401123046875,
      266.2694091796875,
      210.5922088623047,
      13.60431957244873,
      0.23132288455963135,
      274.8930358886719,
      31.209054946899414,
      121.30007934570312,
      37.115440368652344,
      0.49972984194755554,
      0.05163807049393654,
      0.05163807049393654,
      0.09102874994277954,
      0.06810863316059113,
      0.20442359149456024,
      1.0,
      0.4882068634033203,
      0.32610005140304565
    ]
  },
  "per_case_windows": {
    "baseline": 461,
    "baseline_v1": 411,
    "baseline_v2": 511,
    "baseline_v3": 461,
    "mass_x2": 461,
    "mass_x2_v1": 411,
    "mass_x2_v2": 511,
    "mass_x2_v3": 461,
    "mass_x4": 461,
    "mass_x4_v1": 411,
    "mass_x4_v2": 511,
    "mass_x4_v3": 461,
    "mass_x8": 461,
    "mass_x8_v1": 411,
    "mass_x8_v2": 511,
    "mass_x8_v3": 461,
    "mass_x16": 461,
    "mass_x16_v1": 411,
    "mass_x16_v2": 511,
    "mass_x16_v3": 461,
    "mass_x32": 461,
    "mass_x32_v1": 411,
    "mass_x32_v2": 511,
    "mass_x32_v3": 461,
    "friction_div2": 461,
    "friction_div2_v1": 411,
    "friction_div2_v2": 511,
    "friction_div2_v3": 461,
    "friction_div4": 461,
    "friction_div4_v1": 411,
    "friction_div4_v2": 511,
    "friction_div4_v3": 461,
    "friction_div8": 461,
    "friction_div8_v1": 411,
    "friction_div8_v2": 511,
    "friction_div8_v3": 461
  },
  "val_cases": [
    "friction_div4",
    "mass_x16"
  ],
  "test_cases": [
    "friction_div2"
  ],
  "extend_variants": [
    [
      2.0,
      0.1
    ],
    [
      1.5,
      0.08
    ],
    [
      2.5,
      0.12
    ],
    [
      2.0,
      0.14
    ]
  ]
}