{
  "version": "nn0-v1",
  "created_at": "2026-07-22T01:00:06.853529+00:00",
  "window_steps": 40,
  "feature_dim": 26,
  "feature_names": [
    "n_contacts",
    "sep",
    "sep_delta",
    "v_div_x",
    "v_div_y",
    "v_div_z",
    "sep_rate",
    "contact_force_norm",
    "S_raw",
    "S_smooth",
    "S_avg",
    "S_ratio",
    "S_peak_ratio",
    "S_n",
    "S_t",
    "S_integral_0.5s",
    "mg_ratio",
    "slip_rule_s2",
    "object_dz_extend",
    "object_dz_traj_end",
    "object_dz_start",
    "wrist_tz",
    "wrist_tz_rate",
    "grip_extra",
    "phase_extend",
    "friction_scale"
  ],
  "label_keys": [
    "y_scheme1",
    "y_scheme2",
    "y_gt",
    "y_fused",
    "y_event",
    "y_grip",
    "y_policy"
  ],
  "counts": {
    "train": 27660,
    "val": 3688,
    "test": 1844
  },
  "norm": {
    "mean": [
      7.442634582519531,
      0.05126107484102249,
      0.009671002626419067,
      -0.011555405333638191,
      -0.005186771042644978,
      -0.0012355237267911434,
      -0.008285114541649818,
      2262.722412109375,
      410.30682373046875,
      394.2171630859375,
      228.5785675048828,
      5.359304428100586,
      0.8340519070625305,
      386.2380676269531,
      65.3143081665039,
      167.34767150878906,
      52.404727935791016,
      0.5091106295585632,
      0.02378680370748043,
      0.02378680370748043,
      0.04642971605062485,
      0.17327342927455902,
      -0.015154057182371616,
      0.08745773881673813,
      0.39154013991355896,
      0.668749988079071
    ],
    "std": [
      7.509469032287598,
      0.044931646436452866,
      0.01333686150610447,
      0.3188890814781189,
      0.34983029961586,
      0.22448383271694183,
      0.20020142197608948,
      2353.372802734375,
      466.5557556152344,
      440.3550720214844,
      279.61383056640625,
      13.469944953918457,
      0.25483575463294983,
      461.0252380371094,
      108.60608673095703,
      193.66836547851562,
      78.1551513671875,
      0.49965202808380127,
      0.04965996369719505,
      0.04965996369719505,
      0.07521436363458633,
      0.06811556965112686,
      0.20437556505203247,
      0.117865189909935,
      0.4900899827480316,
      0.265705943107605
    ]
  },
  "per_case_windows": {
    "baseline": 461,
    "baseline_v1": 411,
    "baseline_v2": 511,
    "baseline_v3": 461,
    "mass_x2": 461,
    "mass_x2_v1": 411,
    "mass_x2_v2": 511,
    "mass_x2_v3": 461,
    "mass_x4": 461,
    "mass_x4_v1": 411,
    "mass_x4_v2": 511,
    "mass_x4_v3": 461,
    "mass_x8": 461,
    "mass_x8_v1": 411,
    "mass_x8_v2": 511,
    "mass_x8_v3": 461,
    "mass_x16": 461,
    "mass_x16_v1": 411,
    "mass_x16_v2": 511,
    "mass_x16_v3": 461,
    "mass_x32": 461,
    "mass_x32_v1": 411,
    "mass_x32_v2": 511,
    "mass_x32_v3": 461,
    "friction_div2": 461,
    "friction_div2_v1": 411,
    "friction_div2_v2": 511,
    "friction_div2_v3": 461,
    "friction_div4": 461,
    "friction_div4_v1": 411,
    "friction_div4_v2": 511,
    "friction_div4_v3": 461,
    "friction_div8": 461,
    "friction_div8_v1": 411,
    "friction_div8_v2": 511,
    "friction_div8_v3": 461,
    "friction_s070": 461,
    "friction_s070_v1": 411,
    "friction_s070_v2": 511,
    "friction_s070_v3": 461,
    "friction_s060": 461,
    "friction_s060_v1": 411,
    "friction_s060_v2": 511,
    "friction_s060_v3": 461,
    "friction_s055": 461,
    "friction_s055_v1": 411,
    "friction_s055_v2": 511,
    "friction_s055_v3": 461,
    "friction_s045": 461,
    "friction_s045_v1": 411,
    "friction_s045_v2": 511,
    "friction_s045_v3": 461,
    "friction_s040": 461,
    "friction_s040_v1": 411,
    "friction_s040_v2": 511,
    "friction_s040_v3": 461,
    "mass_x2_friction_div2": 461,
    "mass_x2_friction_div2_v1": 411,
    "mass_x2_friction_div2_v2": 511,
    "mass_x2_friction_div2_v3": 461,
    "mass_x4_friction_div2": 461,
    "mass_x4_friction_div2_v1": 411,
    "mass_x4_friction_div2_v2": 511,
    "mass_x4_friction_div2_v3": 461,
    "mass_x2_friction_s060": 461,
    "mass_x2_friction_s060_v1": 411,
    "mass_x2_friction_s060_v2": 511,
    "mass_x2_friction_s060_v3": 461,
    "mass_x4_friction_s060": 461,
    "mass_x4_friction_s060_v1": 411,
    "mass_x4_friction_s060_v2": 511,
    "mass_x4_friction_s060_v3": 461
  },
  "val_cases": [
    "friction_div4",
    "mass_x16"
  ],
  "test_cases": [
    "friction_div2"
  ],
  "extend_variants": [
    [
      2.0,
      0.1
    ],
    [
      1.5,
      0.08
    ],
    [
      2.5,
      0.12
    ],
    [
      2.0,
      0.14
    ]
  ],
  "antislip_export": true,
  "antislip_scheme": 2,
  "policy_enrichment": true,
  "policy_friction_scales": [
    [
      "friction_s070",
      0.7
    ],
    [
      "friction_s060",
      0.6
    ],
    [
      "friction_s055",
      0.55
    ],
    [
      "friction_s045",
      0.45
    ],
    [
      "friction_s040",
      0.4
    ]
  ],
  "policy_crosses": [
    [
      "mass_x2_friction_div2",
      2.0,
      0.5
    ],
    [
      "mass_x4_friction_div2",
      4.0,
      0.5
    ],
    [
      "mass_x2_friction_s060",
      2.0,
      0.6
    ],
    [
      "mass_x4_friction_s060",
      4.0,
      0.6
    ]
  ]
}